-- Populate HOTEL_CHAINS min.5
INSERT INTO HOTEL_CHAIN(HotelChainID, NumberOfHotels, ContactEmail, PhoneNumber, Addr_Number, Addr_Street, Addr_City, Addr_PostalCode) VALUES
	('MARR', 8, 'contact@marriott.com', '123-456-7890', '100', 'Marriott St.', 'New York', 'NY10001'),
	('HILT', 8, 'info@hilton.com', '234-567-8901', '200', 'Hilton Ave.', 'Los Angeles', 'CA90001'),
	('RITZ', 8, 'hello@ritzcarlton.com', '345-678-9012', '300', 'Ritz Rd.', 'Chicago', 'IL60601'),
	('FAIR', 8, 'support@fairmont.com', '456-789-0123', '400', 'Fairmont Blvd.', 'Houston', 'TX77001'),
    ('ECOL', 3, 'hello@ECOLG.com', '345-678-9013', '400', 'Econo Rd.', 'Denver', 'CO80201');

-- Populate HOTELS min. 8
INSERT INTO HOTEL (HotelID, HotelChainID, ManagerID, Category, NumberOfRooms, ContactEmail, PhoneNumber, Addr_Number, Addr_Street, Addr_City, Addr_PostalCode) VALUES
    -- Marriott
    ('MARR001', 'MARR', NULL, 5, 300, 'info@marriottnyc.com', '123-000-0001', '101', 'Broadway Dr.', 'New York', 'NY10001'),
    ('MARR002', 'MARR', NULL, 4, 250, 'info@marriottmiami.com', '123-000-0002', '102', 'Ocean Dr.', 'Miami', 'FL33101'),
    ('MARR003', 'MARR', NULL, 4, 200, 'info@marriottchicago.com', '123-000-0003', '103', 'Magnificent St.', 'Chicago', 'IL60601'),
    ('MARR004', 'MARR', NULL, 3, 150, 'info@marriottseattle.com', '123-000-0004', '104', 'Pike St.', 'Seattle', 'WA98101'),
    ('MARR005', 'MARR', NULL, 4, 220, 'info@marriottsanant.com', '123-000-0005', '105', 'Alamo Pl.', 'San Antonio', 'TX78201'),
    ('MARR006', 'MARR', NULL, 4, 210, 'info@marriottottawa.com', '123-000-0010', '110', 'Rideau St.', 'Ottawa', 'ON1N5W1'),
    ('MARR007', 'MARR', NULL, 3, 210, 'info@marriottla.com', '123-000-0011', '1320', 'Flower St.', 'Los Angeles', 'LA20231'),
    ('MARR008', 'MARR', NULL, 5, 300, 'info@marriottvan.com', '123-000-0012', '5002', 'Seeder Ave.', 'Vancouver', 'L6J2J1'),
    -- Hilton 
    ('HILT001', 'HILT', NULL, 5, 280, 'info@hiltonla.com', '234-000-0004', '201', 'Sunset Blvd.', 'Los Angeles', 'CA90001'),
    ('HILT002', 'HILT', NULL, 4, 220, 'info@hiltonlasvegas.com', '234-000-0005', '202', 'The Strip', 'Las Vegas', 'NV89101'),
    ('HILT003', 'HILT', NULL, 4, 180, 'info@hiltonsfunion.com', '234-000-0006', '203', 'Union Square', 'San Francisco', 'CA94101'),
    ('HILT004', 'HILT', NULL, 3, 180, 'info@hiltonmemphis.com', '234-000-0007', '204', 'Beale St.', 'Memphis', 'TN38101'),
    ('HILT005', 'HILT', NULL, 4, 210, 'info@hiltonfremont.com', '234-000-0008', '205', 'Fremont St.', 'Las Vegas', 'NV89102'),
    ('HILT006', 'HILT', NULL, 4, 50, 'info@hiltonmarketst.com', '567-000-0014', '501', 'Market St.', 'San Francisco', 'CA94102'),
    ('HILT007', 'HILT', NULL, 3, 170, 'info@hiltvan.com', '567-000-0015', '502', 'Granville St.', 'Vancouver', 'BCV6C01'),
    ('HILT008', 'HILT', NULL, 4, 190, 'info@hiltsandiego.com', '567-000-0016', '503', 'Harbor Dr.', 'San Diego', 'CA92102'),
    -- Ritz Carleton
    ('RITZ001', 'RITZ', NULL, 5, 270, 'info@ritzatl.com', '345-000-0007', '301', 'Peachtree St.', 'Atlanta', 'GA30301'),
    ('RITZ002', 'RITZ', NULL, 5, 230, 'info@ritzwa.com', '345-000-0008', '302', 'Pennsylvania Ave.', 'Washington', 'DC20001'),
    ('RITZ003', 'RITZ', NULL, 5, 210, 'info@ritzedinburgh.com', '345-000-0009', '303', 'Royal Mile', 'Edinburgh', 'EH11AA'),
    ('RITZ004', 'RITZ', NULL, 5, 250, 'info@ritzcollinsave.com', '345-000-0010', '304', 'Collins Ave.', 'Miami Beach', 'FL33101'),
    ('RITZ005', 'RITZ', NULL, 5, 240, 'info@ritzneworleans.com', '345-000-0011', '305', 'Canal St.', 'New Orleans', 'LA70101'),
    ('RITZ006', 'RITZ', NULL, 4, 180, 'info@ritznyc.com', '678-000-0020', '602', 'Fifth Ave.', 'New York', 'NY10002'),
    ('RITZ007', 'RITZ', NULL, 3, 170, 'info@ritzkingst.com', '678-000-0023', '605', 'King St.', 'Charleston', 'SC29401'),
    ('RITZ008', 'RITZ', NULL, 3, 170, 'info@wyndhamoceanave.com', '890-000-0033', '805', 'Ocean Ave.', 'Santa Monica', 'CA90401'),
    -- Fairmont
    ('FAIR001', 'FAIR', NULL, 4, 200, 'info@fairmontboston.com', '456-000-0009', '401', 'Commonwealth Ave.', 'Boston', 'MA02101'),
    ('FAIR002', 'FAIR', NULL, 4, 190, 'info@fairmontneworleans.com', '456-000-0010', '402', 'Bourbon St.', 'New Orleans', 'LA70102'),
    ('FAIR003', 'FAIR', NULL, 4, 180, 'info@fairmontvan.com', '456-000-0011', '403', 'Robson St.', 'Vancouver', 'BCV6B01'),
    ('FAIR004', 'FAIR', NULL, 3, 160, 'info@fairmonttoronto.com', '456-000-0012', '404', 'Queen St. West', 'Toronto', 'ONM5V01'),
    ('FAIR005', 'FAIR', NULL, 4, 220, 'info@fairmontchicago.com', '456-000-0013', '405', 'Michigan Ave.', 'Chicago', 'IL60602'),
    ('FAIR006', 'FAIR', NULL, 3, 160, 'info@fairmontniagara.com', '789-000-0026', '703', 'Clifton Hill', 'Niagara Falls', 'ONL2G01'),
    ('FAIR007', 'FAIR', NULL, 2, 160, 'info@fairmontparkcity.com', '901-000-0038', '905', 'Main St.', 'Park City', 'UT84001'),
    ('FAIR008', 'FAIR', NULL, 4, 200, 'info@fairmontottawa.com', '234-000-0011', '220', 'Elgin St.', 'Ottawa', 'ON2P1L4'),
    -- Econolodge
    ('ECOL001', 'ECOL', NULL, 1, 70, 'info@econolodge01.com', '345-000-0026', '401', 'Antique Rd.', 'Denver', 'CO80201'),
    ('ECOL002', 'ECOL', NULL, 1, 75, 'info@econolodge02.com', '345-000-0027', '402', 'Humboldt St.', 'Colorado Springs', 'CO80901'),
    ('ECOL003', 'ECOL', NULL, 1, 80, 'info@econolodge03.com', '345-000-0028', '403', '16th St. Mall', 'Boulder', 'CO80301'),
    ('ECOL004', 'ECOL', NULL, 1, 90, 'info@econolodge04.com', '456-000-0029', '501', 'Red Roof Ln.', 'Atlanta', 'GA30301'),
    ('ECOL005', 'ECOL', NULL, 1, 100, 'info@econolodge05.com', '456-000-0030', '502', 'St. Julian St.', 'Savannah', 'GA31401'),
    ('ECOL006', 'ECOL', NULL, 1, 110, 'info@econolodge06.com', '456-000-0031', '503', 'Eveleigh St.', 'Macon', 'GA31201'),
    ('ECOL007', 'ECOL', NULL, 1, 85, 'info@econolodge07.com', '567-000-0032', '601', 'Cesar Chavez Blvd.', 'Seattle', 'WA98101'),
    ('ECOL008', 'ECOL', NULL, 1, 95, 'info@econolodge08.com', '567-000-0033', '602', 'Canyon Rd.', 'Portland', 'OR97201'),
    ('ECOL009', 'ECOL', NULL, 1, 105, 'info@econolodge09.com', '567-000-0034', '603', 'Stark Pkwy.', 'Spokane', 'WA99201');

-- Populate ROOMS min. 5
INSERT INTO ROOM (HotelID, RoomNumber, Price, Capacity, ViewType, Damage, Extendability, Amenities_TV, Amenities_AC, Amenities_Fridge, Amenities_Jacuzzi) VALUES
    ('MARR001', 101, 250, 2, 'City', 'None', TRUE, TRUE, TRUE, TRUE, FALSE),
    ('MARR001', 102, 300, 2, 'Sea', 'None', TRUE, TRUE, TRUE, TRUE, TRUE),
    ('MARR001', 103, 200, 1, 'City', 'Minor', FALSE, TRUE, TRUE, FALSE, FALSE),
    ('MARR001', 104, 220, 1, 'Mountain', 'None', FALSE, TRUE, TRUE, TRUE, FALSE),
    ('MARR001', 105, 180, 1, 'City', 'Major', FALSE, TRUE, FALSE, FALSE, FALSE),
    ('MARR002', 101, 270, 2, 'City', 'None', TRUE, TRUE, TRUE, TRUE, FALSE),
    ('MARR002', 102, 320, 2, 'Sea', 'None', TRUE, TRUE, TRUE, TRUE, TRUE),
    ('MARR002', 103, 210, 1, 'City', 'Minor', FALSE, TRUE, TRUE, FALSE, FALSE),
    ('MARR002', 104, 230, 1, 'Mountain', 'None', FALSE, TRUE, TRUE, TRUE, FALSE),
    ('MARR002', 105, 190, 1, 'City', 'Major', FALSE, TRUE, FALSE, FALSE, FALSE),
    ('MARR003', 102, 330, 2, 'Sea', 'None', TRUE, TRUE, TRUE, TRUE, FALSE),
    ('MARR003', 103, 220, 1, 'City', 'Minor', FALSE, TRUE, TRUE, FALSE, FALSE),
    ('MARR003', 104, 240, 1, 'Mountain', 'None', FALSE, TRUE, TRUE, TRUE, FALSE),
    ('MARR003', 105, 200, 1, 'City', 'Major', FALSE, TRUE, FALSE, FALSE, FALSE),
    ('MARR004', 101, 290, 2, 'City', 'None', TRUE, TRUE, TRUE, TRUE, TRUE),
    ('MARR004', 102, 340, 2, 'Sea', 'None', TRUE, TRUE, TRUE, TRUE, FALSE),
    ('MARR004', 103, 230, 1, 'City', 'Minor', FALSE, TRUE, TRUE, FALSE, FALSE),
    ('MARR004', 104, 250, 1, 'Mountain', 'None', FALSE, TRUE, TRUE, TRUE, FALSE),
    ('MARR004', 105, 210, 1, 'City', 'Major', FALSE, TRUE, FALSE, FALSE, FALSE),
    ('MARR005', 101, 300, 2, 'City', 'None', TRUE, TRUE, TRUE, TRUE, TRUE),
    ('MARR005', 102, 350, 2, 'Sea', 'None', TRUE, TRUE, TRUE, TRUE, FALSE),
    ('MARR005', 103, 240, 1, 'City', 'Minor', FALSE, TRUE, TRUE, FALSE, FALSE),
    ('MARR005', 104, 260, 1, 'Mountain', 'None', FALSE, TRUE, TRUE, TRUE, FALSE),
    ('MARR005', 105, 220, 1, 'City', 'Major', FALSE, TRUE, FALSE, FALSE, FALSE),
    ('MARR006', 101, 310, 2, 'City', 'None', TRUE, TRUE, TRUE, TRUE, TRUE),
    ('MARR006', 102, 360, 2, 'Sea', 'None', TRUE, TRUE, TRUE, TRUE, FALSE),
    ('MARR006', 103, 250, 1, 'City', 'Minor', FALSE, TRUE, TRUE, FALSE, FALSE),
    ('MARR006', 104, 270, 1, 'Mountain', 'None', FALSE, TRUE, TRUE, TRUE, FALSE),
    ('MARR006', 105, 230, 1, 'City', 'Major', FALSE, TRUE, FALSE, FALSE, FALSE),
    ('MARR007', 101, 320, 2, 'City', 'None', TRUE, TRUE, TRUE, TRUE, TRUE),
    ('MARR007', 102, 370, 2, 'Sea', 'None', TRUE, TRUE, TRUE, TRUE, FALSE),
    ('MARR007', 103, 260, 1, 'City', 'Minor', FALSE, TRUE, TRUE, FALSE, FALSE),
    ('MARR007', 104, 280, 1, 'Mountain', 'None', FALSE, TRUE, TRUE, TRUE, FALSE),
    ('MARR007', 105, 240, 1, 'City', 'Major', FALSE, TRUE, FALSE, FALSE, FALSE),
    ('MARR008', 101, 310, 2, 'City', 'None', TRUE, TRUE, TRUE, TRUE, FALSE),
    ('MARR008', 102, 360, 2, 'Sea', 'None', TRUE, TRUE, TRUE, TRUE, TRUE),
    ('MARR008', 103, 250, 1, 'City', 'Minor', FALSE, TRUE, TRUE, FALSE, FALSE),
    ('MARR008', 104, 270, 1, 'Mountain', 'None', FALSE, TRUE, TRUE, TRUE, FALSE),
    ('MARR008', 105, 230, 1, 'City', 'Major', FALSE, TRUE, TRUE, TRUE, FALSE),
    ('HILT001', 201, 320, 2, 'City', 'None', TRUE, TRUE, TRUE, TRUE, FALSE),
    ('HILT001', 202, 370, 2, 'Sea', 'None', TRUE, TRUE, TRUE, TRUE, TRUE),
    ('HILT001', 203, 260, 1, 'City', 'None', FALSE, TRUE, TRUE, FALSE, FALSE),
    ('HILT001', 204, 420, 4, 'Mountain', 'None', TRUE, TRUE, TRUE, TRUE, TRUE),
    ('HILT001', 205, 300, 2, 'City', 'Minor', TRUE, TRUE, TRUE, TRUE, FALSE),
    ('HILT002', 101, 370, 2, 'City', 'None', TRUE, TRUE, TRUE, TRUE, FALSE),
    ('HILT002', 102, 420, 2, 'Sea', 'None', TRUE, TRUE, TRUE, TRUE, TRUE),
    ('HILT002', 103, 310, 1, 'City', 'Minor', FALSE, TRUE, TRUE, FALSE, FALSE),
    ('HILT002', 104, 330, 1, 'Mountain', 'None', FALSE, TRUE, TRUE, TRUE, FALSE),
    ('HILT002', 105, 290, 1, 'City', 'Major', FALSE, TRUE, FALSE, FALSE, FALSE),
    ('HILT003', 101, 380, 2, 'City', 'None', TRUE, TRUE, TRUE, TRUE, FALSE),
    ('HILT003', 102, 430, 2, 'Sea', 'None', TRUE, TRUE, TRUE, TRUE, TRUE),
    ('HILT003', 103, 320, 1, 'City', 'Minor', FALSE, TRUE, TRUE, FALSE, FALSE),
    ('HILT003', 104, 340, 1, 'Mountain', 'None', FALSE, TRUE, TRUE, TRUE, FALSE),
    ('HILT003', 105, 300, 1, 'City', 'Major', FALSE, TRUE, FALSE, FALSE, FALSE),
    ('HILT004', 101, 390, 2, 'City', 'None', TRUE, TRUE, TRUE, TRUE, FALSE),
    ('HILT004', 102, 440, 2, 'Sea', 'None', TRUE, TRUE, TRUE, TRUE, TRUE),
    ('HILT004', 103, 330, 1, 'City', 'Minor', FALSE, TRUE, TRUE, FALSE, FALSE),
    ('HILT004', 104, 350, 1, 'Mountain', 'None', FALSE, TRUE, TRUE, TRUE, FALSE),
    ('HILT004', 105, 310, 1, 'City', 'Major', FALSE, TRUE, FALSE, FALSE, FALSE),
    ('HILT005', 101, 400, 2, 'City', 'None', TRUE, TRUE, TRUE, TRUE, FALSE),
    ('HILT005', 102, 450, 2, 'Sea', 'None', TRUE, TRUE, TRUE, TRUE, TRUE),
    ('HILT005', 103, 340, 1, 'City', 'Minor', FALSE, TRUE, TRUE, FALSE, FALSE),
    ('HILT005', 104, 360, 1, 'Mountain', 'None', FALSE, TRUE, TRUE, TRUE, FALSE),
    ('HILT005', 105, 320, 1, 'City', 'Major', FALSE, TRUE, FALSE, FALSE, FALSE),
    ('HILT006', 101, 410, 2, 'City', 'None', TRUE, TRUE, TRUE, TRUE, FALSE),
    ('HILT006', 102, 460, 2, 'Sea', 'None', TRUE, TRUE, TRUE, TRUE, TRUE),
    ('HILT006', 103, 350, 1, 'City', 'Minor', FALSE, TRUE, TRUE, FALSE, FALSE),
    ('HILT006', 104, 370, 1, 'Mountain', 'None', FALSE, TRUE, TRUE, TRUE, FALSE),
    ('HILT006', 105, 330, 1, 'City', 'Major', FALSE, TRUE, TRUE, TRUE, FALSE),
    ('HILT007', 101, 420, 2, 'City', 'None', TRUE, TRUE, TRUE, TRUE, TRUE),
    ('HILT007', 102, 470, 2, 'Sea', 'None', TRUE, TRUE, TRUE, TRUE, FALSE),
    ('HILT007', 103, 460, 1, 'City', 'Minor', FALSE, TRUE, TRUE, FALSE, FALSE),
    ('HILT007', 104, 480, 1, 'Mountain', 'None', FALSE, TRUE, TRUE, TRUE, FALSE),
    ('HILT007', 105, 440, 1, 'City', 'Major', FALSE, TRUE, FALSE, FALSE, TRUE),
    ('HILT008', 301, 300, 2, 'City', 'None', TRUE, TRUE, TRUE, TRUE, FALSE),
    ('HILT008', 302, 350, 2, 'Sea', 'None', TRUE, TRUE, TRUE, TRUE, TRUE),
    ('HILT008', 303, 250, 1, 'City', 'None', FALSE, TRUE, TRUE, FALSE, FALSE),
    ('HILT008', 304, 400, 4, 'Mountain', 'None', TRUE, TRUE, TRUE, TRUE, TRUE),
    ('HILT008', 305, 280, 2, 'City', 'Minor', TRUE, TRUE, TRUE, TRUE, FALSE),
    ('RITZ001', 302, 850, 2, 'Sea', 'None', TRUE, TRUE, TRUE, TRUE, TRUE),
    ('RITZ001', 303, 750, 1, 'City', 'None', FALSE, TRUE, TRUE, FALSE, FALSE),
    ('RITZ001', 304, 900, 4, 'Mountain', 'None', TRUE, TRUE, TRUE, TRUE, TRUE),
    ('RITZ001', 305, 780, 2, 'City', 'Minor', TRUE, TRUE, TRUE, TRUE, FALSE),
    ('RITZ002', 101, 850, 2, 'City', 'None', TRUE, TRUE, TRUE, TRUE, TRUE),
    ('RITZ002', 102, 900, 2, 'Sea', 'None', TRUE, TRUE, TRUE, TRUE, TRUE),
    ('RITZ002', 103, 800, 1, 'City', 'Minor', FALSE, TRUE, TRUE, TRUE, FALSE),
    ('RITZ002', 104, 830, 1, 'Mountain', 'None', FALSE, TRUE, TRUE, TRUE, FALSE),
    ('RITZ002', 105, 780, 1, 'City', 'Major', FALSE, TRUE, TRUE, FALSE, FALSE),
    ('RITZ003', 101, 860, 2, 'City', 'None', TRUE, TRUE, TRUE, TRUE, TRUE),
    ('RITZ003', 102, 910, 2, 'Sea', 'None', TRUE, TRUE, TRUE, TRUE, TRUE),
    ('RITZ003', 103, 810, 1, 'City', 'Minor', FALSE, TRUE, TRUE, TRUE, FALSE),
    ('RITZ003', 104, 840, 1, 'Mountain', 'None', FALSE, TRUE, TRUE, TRUE, FALSE),
    ('RITZ003', 105, 790, 1, 'City', 'Major', FALSE, TRUE, TRUE, FALSE, FALSE),
    ('RITZ004', 101, 870, 2, 'City', 'None', TRUE, TRUE, TRUE, TRUE, TRUE),
    ('RITZ004', 102, 920, 2, 'Sea', 'None', TRUE, TRUE, TRUE, TRUE, TRUE),
    ('RITZ004', 103, 820, 1, 'City', 'Minor', FALSE, TRUE, TRUE, TRUE, FALSE),
    ('RITZ004', 104, 850, 1, 'Mountain', 'None', FALSE, TRUE, TRUE, TRUE, FALSE),
    ('RITZ004', 105, 800, 1, 'City', 'Major', FALSE, TRUE, TRUE, FALSE, FALSE),
    ('RITZ005', 101, 880, 2, 'City', 'None', TRUE, TRUE, TRUE, TRUE, TRUE),
    ('RITZ005', 102, 930, 2, 'Sea', 'None', TRUE, TRUE, TRUE, TRUE, TRUE),
    ('RITZ005', 103, 830, 1, 'City', 'Minor', FALSE, TRUE, TRUE, TRUE, FALSE),
    ('RITZ005', 104, 860, 1, 'Mountain', 'None', FALSE, TRUE, TRUE, TRUE, FALSE),
    ('RITZ005', 105, 810, 1, 'City', 'Major', FALSE, TRUE, TRUE, FALSE, FALSE),
    ('RITZ006', 101, 890, 2, 'City', 'None', TRUE, TRUE, TRUE, TRUE, TRUE),
    ('RITZ006', 102, 940, 2, 'Sea', 'None', TRUE, TRUE, TRUE, TRUE, TRUE),
    ('RITZ006', 103, 840, 1, 'City', 'Minor', FALSE, TRUE, TRUE, TRUE, FALSE),
    ('RITZ006', 104, 870, 1, 'Mountain', 'None', FALSE, TRUE, TRUE, TRUE, FALSE),
    ('RITZ006', 105, 820, 1, 'City', 'Major', FALSE, TRUE, TRUE, FALSE, FALSE),
    ('RITZ007', 101, 900, 2, 'City', 'None', TRUE, TRUE, TRUE, TRUE, TRUE),
    ('RITZ007', 102, 950, 2, 'Sea', 'None', TRUE, TRUE, TRUE, TRUE, TRUE),
    ('RITZ007', 103, 850, 1, 'City', 'Minor', FALSE, TRUE, TRUE, TRUE, FALSE),
    ('RITZ007', 104, 880, 1, 'Mountain', 'None', FALSE, TRUE, TRUE, TRUE, FALSE),
    ('RITZ007', 105, 830, 1, 'City', 'Major', FALSE, TRUE, TRUE, FALSE, FALSE),
    ('RITZ008', 101, 910, 2, 'City', 'None', TRUE, TRUE, TRUE, TRUE, TRUE),
    ('RITZ008', 102, 960, 2, 'Sea', 'None', TRUE, TRUE, TRUE, TRUE, TRUE),
    ('RITZ008', 103, 860, 1, 'City', 'Minor', FALSE, TRUE, TRUE, TRUE, FALSE),
    ('RITZ008', 104, 890, 1, 'Mountain', 'None', FALSE, TRUE, TRUE, TRUE, FALSE),
    ('RITZ008', 105, 840, 1, 'City', 'Major', FALSE, TRUE, TRUE, FALSE, FALSE),
    ('FAIR001', 101, 240, 2, 'City', 'None', TRUE, TRUE, TRUE, TRUE, FALSE),
    ('FAIR001', 102, 290, 2, 'Sea', 'None', TRUE, TRUE, TRUE, TRUE, TRUE),
    ('FAIR001', 103, 190, 1, 'City', 'Minor', FALSE, TRUE, TRUE, FALSE, FALSE),
    ('FAIR001', 104, 210, 1, 'Mountain', 'None', FALSE, TRUE, TRUE, TRUE, FALSE),
    ('FAIR001', 105, 170, 1, 'City', 'Major', FALSE, TRUE, FALSE, FALSE, FALSE),
    ('FAIR002', 102, 300, 2, 'Sea', 'None', TRUE, TRUE, TRUE, TRUE, TRUE),
    ('FAIR002', 103, 200, 1, 'City', 'Minor', FALSE, TRUE, TRUE, FALSE, FALSE),
    ('FAIR002', 104, 220, 1, 'Mountain', 'None', FALSE, TRUE, TRUE, TRUE, FALSE),
    ('FAIR002', 105, 180, 1, 'City', 'Major', FALSE, TRUE, FALSE, FALSE, FALSE),
    ('FAIR003', 101, 260, 2, 'City', 'None', TRUE, TRUE, TRUE, TRUE, FALSE),
    ('FAIR003', 102, 310, 2, 'Sea', 'None', TRUE, TRUE, TRUE, TRUE, TRUE),
    ('FAIR003', 103, 210, 1, 'City', 'Minor', FALSE, TRUE, TRUE, FALSE, FALSE),
    ('FAIR003', 104, 230, 1, 'Mountain', 'None', FALSE, TRUE, TRUE, TRUE, FALSE),
    ('FAIR003', 105, 190, 1, 'City', 'Major', FALSE, TRUE, FALSE, FALSE, FALSE),
    ('FAIR004', 101, 270, 2, 'City', 'None', TRUE, TRUE, TRUE, TRUE, FALSE),
    ('FAIR004', 102, 320, 2, 'Sea', 'None', TRUE, TRUE, TRUE, TRUE, TRUE),
    ('FAIR004', 103, 220, 1, 'City', 'Minor', FALSE, TRUE, TRUE, FALSE, FALSE),
    ('FAIR004', 104, 240, 1, 'Mountain', 'None', FALSE, TRUE, TRUE, TRUE, FALSE),
    ('FAIR004', 105, 200, 1, 'City', 'Major', FALSE, TRUE, FALSE, FALSE, FALSE),
    ('FAIR005', 101, 280, 2, 'City', 'None', TRUE, TRUE, TRUE, TRUE, FALSE),
    ('FAIR005', 102, 330, 2, 'Sea', 'None', TRUE, TRUE, TRUE, TRUE, TRUE),
    ('FAIR005', 103, 230, 1, 'City', 'Minor', FALSE, TRUE, TRUE, FALSE, FALSE),
    ('FAIR005', 104, 250, 1, 'Mountain', 'None', FALSE, TRUE, TRUE, TRUE, FALSE),
    ('FAIR005', 105, 210, 1, 'City', 'Major', FALSE, TRUE, FALSE, FALSE, FALSE),
    ('FAIR006', 101, 290, 2, 'City', 'None', TRUE, TRUE, TRUE, TRUE, FALSE),
    ('FAIR006', 102, 340, 2, 'Sea', 'None', TRUE, TRUE, TRUE, TRUE, TRUE),
    ('FAIR006', 103, 240, 1, 'City', 'Minor', FALSE, TRUE, TRUE, FALSE, FALSE),
    ('FAIR006', 104, 260, 1, 'Mountain', 'None', FALSE, TRUE, TRUE, TRUE, FALSE),
    ('FAIR006', 105, 220, 1, 'City', 'Major', FALSE, TRUE, FALSE, FALSE, FALSE),
    ('FAIR007', 101, 300, 2, 'City', 'None', TRUE, TRUE, TRUE, TRUE, FALSE),
    ('FAIR007', 102, 350, 2, 'Sea', 'None', TRUE, TRUE, TRUE, TRUE, TRUE),
    ('FAIR007', 103, 250, 1, 'City', 'Minor', FALSE, TRUE, TRUE, FALSE, FALSE),
    ('FAIR007', 104, 270, 1, 'Mountain', 'None', FALSE, TRUE, TRUE, TRUE, FALSE),
    ('FAIR007', 105, 230, 1, 'City', 'Major', FALSE, TRUE, FALSE, FALSE, FALSE),
    ('FAIR008', 101, 310, 2, 'City', 'None', TRUE, TRUE, TRUE, TRUE, FALSE),
    ('FAIR008', 102, 360, 2, 'Sea', 'None', TRUE, TRUE, TRUE, TRUE, TRUE),
    ('FAIR008', 103, 260, 1, 'City', 'Minor', FALSE, TRUE, TRUE, FALSE, FALSE),
    ('FAIR008', 104, 280, 1, 'Mountain', 'None', FALSE, TRUE, TRUE, TRUE, FALSE),
    ('FAIR008', 105, 240, 1, 'City', 'Major', FALSE, TRUE, FALSE, FALSE, FALSE),
    ('ECOL001', 101, 80, 2, 'City', 'None', FALSE, TRUE, TRUE, FALSE, FALSE),
    ('ECOL001', 102, 120, 2, 'Sea', 'None', FALSE, TRUE, TRUE, TRUE, FALSE),
    ('ECOL001', 103, 60, 1, 'City', 'Minor', FALSE, TRUE, TRUE, FALSE, FALSE),
    ('ECOL001', 104, 70, 1, 'Mountain', 'None', FALSE, TRUE, TRUE, FALSE, FALSE),
    ('ECOL001', 105, 50, 1, 'City', 'Major', FALSE, TRUE, FALSE, FALSE, FALSE),
    ('ECOL002', 101, 85, 2, 'City', 'None', FALSE, TRUE, TRUE, FALSE, FALSE),
    ('ECOL002', 102, 125, 2, 'Sea', 'None', FALSE, TRUE, TRUE, TRUE, FALSE),
    ('ECOL002', 103, 65, 1, 'City', 'Minor', FALSE, TRUE, TRUE, FALSE, FALSE),
    ('ECOL002', 104, 75, 1, 'Mountain', 'None', FALSE, TRUE, TRUE, FALSE, FALSE),
    ('ECOL002', 105, 55, 1, 'City', 'Major', FALSE, TRUE, FALSE, FALSE, FALSE),
    ('ECOL003', 101, 90, 2, 'City', 'None', FALSE, TRUE, TRUE, FALSE, FALSE),
    ('ECOL003', 102, 130, 2, 'Sea', 'None', FALSE, TRUE, TRUE, TRUE, FALSE),
    ('ECOL003', 103, 70, 1, 'City', 'Minor', FALSE, TRUE, TRUE, FALSE, FALSE),
    ('ECOL003', 104, 80, 1, 'Mountain', 'None', FALSE, TRUE, TRUE, FALSE, FALSE),
    ('ECOL003', 105, 60, 1, 'City', 'Major', FALSE, TRUE, FALSE, FALSE, FALSE),
    ('ECOL004', 101, 95, 2, 'City', 'None', FALSE, TRUE, TRUE, FALSE, FALSE),
    ('ECOL004', 102, 135, 2, 'Sea', 'None', FALSE, TRUE, TRUE, TRUE, FALSE),
    ('ECOL004', 103, 75, 1, 'City', 'Minor', FALSE, TRUE, TRUE, FALSE, FALSE),
    ('ECOL004', 104, 85, 1, 'Mountain', 'None', FALSE, TRUE, TRUE, FALSE, FALSE),
    ('ECOL004', 105, 65, 1, 'City', 'Major', FALSE, TRUE, FALSE, FALSE, FALSE),
    ('ECOL005', 101, 100, 2, 'City', 'None', FALSE, TRUE, TRUE, FALSE, FALSE),
    ('ECOL005', 102, 140, 2, 'Sea', 'None', FALSE, TRUE, TRUE, TRUE, FALSE),
    ('ECOL005', 103, 80, 1, 'City', 'Minor', FALSE, TRUE, TRUE, FALSE, FALSE),
    ('ECOL005', 104, 90, 1, 'Mountain', 'None', FALSE, TRUE, TRUE, FALSE, FALSE),
    ('ECOL005', 105, 70, 1, 'City', 'None', FALSE, TRUE, TRUE, FALSE, FALSE);

-- Populate EMPLOYEES
INSERT INTO EMPLOYEE (EmployeeID, Name, SSN, Addr_Number, Addr_Street, Addr_City, Addr_PostalCode, Role, HotelID) VALUES
    ('jsmit001', 'John Smith', '123-456-789', '101', 'Main St', 'New York', 'NY10001', 'Reception', 'MARR001'),
    ('mdavi002', 'Mary Davis', '234-567-890', '102', 'Second Ave', 'Chicago', 'IL60601', 'Service', 'HILT002'),
    ('rjohn003', 'Robert Johnson', '345-678-890', '103', 'Third Blvd', 'Los Angeles', 'CA90001', 'Maintenance', 'RITZ003'),
    ('pjone004', 'Patricia Jones', '456-789-901', '104', 'Fourth Rd', 'Houston', 'TX77001', 'Reception', 'FAIR004'),
    ('mjame005', 'Michael James', '567-890-012', '105', 'Fifth St', 'Phoenix', 'AZ85001', 'Service', 'MARR005'),
    ('bwils006', 'Betty Wilson', '678-904-123', '106', 'Sixth Ave', 'Philadelphia', 'PA19101', 'Maintenance', 'MARR006'),
    ('twill007', 'Thomas Williams', '789-015-234', '107', 'Seventh Blvd', 'San Antonio', 'TX78201', 'Reception', 'RITZ007'),
    ('crown008', 'Cynthia Brown', '890-126-345', '108', 'Eighth Rd', 'San Diego', 'CA92101', 'Service', 'ECOL008');

-- Populate CUSTOMERS
INSERT INTO CUSTOMER (GuestID, Name, SSN, Addr_Number, Addr_Street, Addr_City, Addr_PostalCode, RegistrationDate) VALUES
    ('00000001', 'Alice Cooper', '123-456-679', '201', 'Alice St', 'Wonderland', 'WL12345', '2024-01-01'),
    ('00000002', 'Bob Marley', '234-567-890', '202', 'Bob Ave', 'Reggae', 'RG23456', '2024-02-02'),
    ('00000003', 'Charlie Brown', '345-678-901', '203', 'Charlie Blvd', 'Peanuts', 'PN34567', '2024-03-03'),
    ('00000004', 'Diana Ross', '456-789-012', '204', 'Diana Rd', 'Motown', 'MT45678', '2024-04-04'),
    ('00000005', 'Elvis Presley', '567-890-123', '205', 'Elvis St', 'RocknRoll', 'RR56789', '2024-05-05'),
    ('00000006', 'Fiona Apple', '678-901-234', '206', 'Fiona Ave', 'Music', 'MC67890', '2024-06-06'),
    ('00000007', 'George Clooney', '789-012-345', '207', 'George Blvd', 'Hollywood', 'HW78901', '2024-07-07'),
    ('00000008', 'Halle Berry', '890-123-346', '208', 'Halle Rd', 'Cinema', 'CM89012', '2024-08-08');

-- Populate RESERVATIONS
INSERT INTO RESERVATION (HotelID, RoomNumber, GuestID, EmployeeID, Status, Book_StartDate, EndDate, Book_CheckedIn, Rent_PayAmount, Rent_PayStatus, Rent_CheckInDate, Rent_CheckOutDate) VALUES
    ('MARR001', 101, '00000001', 'jsmit001', 'Booked', '2024-04-10', '2024-04-15', FALSE, 500.00, FALSE, NULL, NULL),
    ('HILT002', 102, '00000002', 'mdavi002', 'Rented', '2024-04-05', '2024-04-08', TRUE, 600.00, TRUE, '2024-04-05', '2024-04-08'),
    ('RITZ003', 103, '00000003', 'rjohn003', 'Cancelled', '2024-04-12', '2024-04-14', FALSE, 400.00, FALSE, NULL, NULL),
    ('FAIR004', 104, '00000004', 'pjone004', 'Booked', '2024-04-20', '2024-04-25', FALSE, 550.00, FALSE, NULL, NULL),
    ('ECOL005', 105, '00000005', 'mjame005', 'Rented', '2024-04-01', '2024-04-03', TRUE, 450.00, TRUE, '2024-04-01', '2024-04-03');

-- Populate ARCHIVE
INSERT INTO ARCHIVE (HotelID, RoomNumber, GuestID, CheckInDate, CheckOutDate, StartDate, EndDate) VALUES
    ('MARR001', 101, '00000001', NULL, NULL, '2024-03-10', '2024-03-15'),
    ('HILT002', 102, '00000002', '2024-03-05', '2024-03-08', '2024-03-05', '2024-03-08'),
    ('RITZ003', 103, '00000003', NULL, NULL, '2024-03-12', '2024-03-14'),
    ('FAIR004', 104, '00000004', NULL, NULL, '2024-03-20', '2024-03-25'),
    ('ECOL', 105, '00000005', '2024-03-01', '2024-03-03', '2024-03-01', '2024-03-03');
